{"true": [0, 0, 1, 0, 1, 1, 1, 0, 1, 0, 1, 0, 0, 0, 1, 0, 0, 0, 0, 0, 0, 0, 0, 0, 1, 0, 0, 0, 0, 0, 0, 0, 0, 0, 0, 0, 0, 1, 0, 0, 0, 0, 0, 0, 0, 0, 0, 1, 0, 0, 0, 0, 0, 0, 0, 0, 0, 0, 0, 0, 0, 0, 0, 0, 0, 0, 0, 0, 0, 0, 0, 0, 0, 0, 0, 0, 0, 0, 0, 1, 0, 0, 0, 0, 0, 0, 0, 0, 0, 0, 0, 0, 1, 0, 0, 0, 0, 0, 0, 0, 1, 0, 0, 0, 0, 0, 0, 0, 0, 0, 0, 0, 0, 0, 0, 0, 0, 0, 0, 0, 0, 0, 0, 0, 0, 1, 0, 0, 0, 0, 0, 0, 0, 0, 1, 0, 0, 0, 0, 0, 0, 0], "scores": [0.5606618824464475, 0.0, 0.3755682270864508, 0.0, 0.49840978932224883, 0.6641310217687594, 0.6740268905363879, 0.0, 0.762244270241671, 0.0, 0.7001119159821076, 0.5517853423986817, 0.0, 0.0, 0.7492697712549786, 0.5665387964682294, 0.6070950040610898, 0.6748835710236977, 0.0, 0.6646816738215585, 0.6456432464874398, 0.0, 0.6413843740558067, 0.0, 0.686759059417729, 0.6049745657179275, 0.0, 0.47254468073107686, 0.0, 0.6509052452580725, 0.0, 0.0, 0.5977455454435595, 0.6175693173760075, 0.6141616943923649, 0.0, 0.0, 0.6465905085566034, 0.0, 0.7727614167145862, 0.5579250871294528, 0.5335289265172702, 0.7272454970648597, 0.5897135086487979, 0.0, 0.41004766993012204, 0.7032344176457568, 0.9106088991346654, 0.6575598396612489, 0.698808495055351, 0.7534876470113531, 0.6939860322429029, 0.6986439990496637, 0.0, 0.6977472622527046, 0.6400521186841753, 0.7893893807096078, 0.7861583362065491, 0.0, 0.7578016822958995, 0.7932599949265939, 0.7482765680794737, 0.6762519312301452, 0.7806115232832905, 0.668626708557619, 0.7468095894950287, 0.7442389340311584, 0.8133854596449995, 0.7176764572276191, 0.0, 0.7099345076504058, 0.8086994632686765, 0.0, 0.0, 0.0, 0.5971554952241274, 0.7868295499313616, 0.0, 0.0, 0.6843511318472905, 0.6909922862384694, 0.0, 0.0, 0.7023757688162915, 0.711391675809589, 0.6302282172463483, 0.0, 0.0, 0.7174535270789502, 0.7681173741975384, 0.7473738423414865, 0.7030575372290958, 0.8089729284533752, 0.7266565786354752, 0.0, 0.0, 0.0, 0.6108706553442507, 0.0, 0.0, 0.8280525996305955, 0.0, 0.7800282080165317, 0.7710188701910983, 0.7994970248485007, 0.5440552356669579, 0.7428125854426694, 0.6326705170245595, 0.7725447527243773, 0.0, 0.6614047750506157, 0.7558786154137855, 0.8453107210324681, 0.0, 0.8028408476435587, 0.0, 0.529868684877456, 0.4189028662222067, 0.46474238479918184, 0.5874065821909982, 0.0, 0.4677951917055719, 0.4614664089811061, 0.0, 0.6301488860989933, 0.6092013597935002, 0.513833602855549, 0.2994223341839092, 0.5164528734756789, 0.33465511441927204, 0.6074954944599305, 0.7861266105387392, 0.0, 0.47000253097094025, 0.5541034580913872, 0.7371738728845508, 0.5503787406648021, 0.0, 0.6839001049870826, 0.0, 0.44611851188063867, 0.48182964624132135]}